match_id,GoalScorer,OG,Team,Assist,AssistType,Penalty
2016000,Basem Eid,,Home,Mohamed Rizk,Penalty,1.0
2016000,Mohab Said,,Home,Omar Bassam,Pass,
2016001,Haytham El Fil,1.0,Away,Amr El Halwani,Free kick,
2016001,Joël Lamah,,Away,Mario Martínez,Cross,
2016001,Mario Martínez,,Away,Amr Marei,Cross,
2016001,Joël Lamah,,Away,Abdallah Gomaa,Pass,
2016002,Sayed Farid,,Away,Omar Saad,Corner,
2016002,Hossam Paulo,,Away,Ahmed Raouf,Cross,
2016002,Kenneth Ngwoke,,Home,Ali Afifi,Header,
2016003,Mohamed Shahin,,Home,Osama Mohamed,Cross,
2016004,Kabongo Kasongo,,Home,Mahmoud Shaaban,Cross,
2016004,Ahmed Ali,,Away,Ahmed Ali,Cross,
2016004,Mohamed Adel,,Home,,Unknown,
2016004,Ahmed El Sheikh,,Home,,Unknown,
2016005,Ahmed Abdelzaher,,Home,Ahmed El Sheikh,Cross,
2016005,Ahmed El Sheikh,,Home,Hossam Ghaly,Handball ,1.0
2016005,Asem Said,,Home,Hesham Mohamed,Free kick,
2016006,Ahmed Eid,,Home,Ahmed Sabry,Cross,
2016006,Mohamed Ashraf,,Home,,Unknown,
2016006,Ahmed Samir,,Away,Ahmed Shokry,Free kick,
2016007,Abdallah El Said,,Home,Amr Gamal,Penalty,1.0
2016008,Basem Morsy,,Away,Mohamed Ibrahim,Cross,
2016009,Mahmoud Shaker,,Home,Mohamed Morsi,Penalty,1.0
2016010,Hosny Abd Rabo,,Home,Torric Jebrin,Penalty,1.0
2016011,Mohamed Naguib,,Away,Ali Maâloul,Corner,
2016011,Abdallah El Said,,Away,Ahmed Fathi,Cross,
2016012,Benjamin Acheampong,,Home,Ahmed Samir Farag,Corner,
2016012,Osama Mohamed,,Away,Mohamed Shahin,Penalty,1.0
2016013,Amr Marei,,Home,Mario Martínez,Pass,
2016013,Hossam Hassan,,Away,Kenneth Ngwoke,Penalty,1.0
2016013,Kenneth Ngwoke,,Away,Yaya Traoré,Pass,
2016013,Amr El Halwani,,Home,Amr Marei,Cross,
2016014,Ahmed Kaboria,,Home,Ahmed Shokry,Pass,
2016014,Onosh,,Home,Mohamed Hamdi,Unknown,
2016015,Hossam Arafat,,Home,Boubacar Diarra,Pass,
2016016,Hossam Hassan,,Home,,Unknown,
2016016,Hossam Paulo,,Home,Mahmoud Sayed,Cross,
2016017,Basem Morsy,,Home,Ayman Hefny,Penalty,1.0
2016017,Basem Morsy,,Home,,Unknown,
2016017,Mostafa Fathi,,Home,Ahmed Refaat,Pass,
2016018,Hossam Paulo,,Home,Ayman Ashraf,Corner,
2016018,Mohamed Gaber,,Away,,Unknown,
2016018,Mahmoud Shaker,,Away,Mohamed Morsi,Penalty,1.0
2016018,Mahmoud Sayed,,Home,Ahmed Temsah,Pass,
2016018,Hossam Paulo,,Home,Hossam Ghaly,Handball ,1.0
2016019,Ahmed Gomaa,,Away,Hamada Tolba,Cross,
2016020,Karim Nedved,,Home,,Unknown,
2016020,Mostafa Galal,,Away,Abdallah El Said,Handball ,1.0
2016020,Momen Zakaria,,Home,Ahmed Fathi,Cross,
2016021,Basem Eid,1.0,Home,,Unknown,
2016021,Osama Mohamed,,Home,Mohamed Ramadan,Unknown,
2016022,Emmanuel Banahene,,Away,Shokry Naguib,Pass,
2016022,Ahmed Eid,,Home,Mohamed Ashraf,Penalty,1.0
2016023,Ayman Hefny,,Away,Shikabala,Cross,
2016023,Shawky El Said,,Away,Ayman Hefny,Cross,
2016024,Ahmed El Sheikh,,Home,Ahmed El Sheikh,Penalty,1.0
2016024,Hesham Mohamed,,Home,Ahmed El Sheikh,Cross,
2016024,Ahmed El Sheikh,,Home,,Unknown,
2016025,Kabongo Kasongo,,Home,Ahmed El Sheikh,Cross,
2016025,Ahmed El Sheikh,,Home,Khaled Kamar,Pass,
2016025,Kabongo Kasongo,,Home,Khaled Kamar,Cross,
2016026,Gedo,,Away,Ahmed Ali,Cross,
2016026,Mohamed Farouk,,Away,Ahmed Ali,Pass,
2016028,Ashour El Adham,,Away,Hesham Shehata,Pass,
2016029,Ahmed El Sheikh,,Away,Mohamed Hamdi,Handball ,1.0
2016030,Mohamed Rizk,,Away,Ahmed Eid,Pass,
2016031,Ahmed Raouf,,Away,Ahmed Temsah,Cross,
2016031,Yasser Ibrahim,1.0,Home,Mario Martínez,Free kick,
2016031,Hossam Paulo,,Away,,Unknown,
2016031,Ahmed Raouf,,Away,Ahmed Temsah,Pass,
2016032,Elsayed Salem,,Home,,Unknown,
2016032,Mohamed Abou-Sheashaa,,Away,Salah Amin,Pass,
2016032,Omar El Said,,Away,Walid Hassan,Cross,
2016032,Mahmoud Alaa,,Home,Mahmoud Fathallah,Handball ,1.0
2016033,Mohamed Fathi,,Home,Ahmed El Saidy,Cross,
2016033,Patrick Addotey Addo,,Away,,Unknown,
2016034,John Antwi,,Away,Ali Maâloul,Cross,
2016034,Momen Zakaria,,Away,Hossam Ghaly,Pass,
2016035,Osama Ibrahim,,Home,Mohamed Ibrahim,Pass,
2016035,Ahmed Refaat,,Home,Osama Ibrahim,Cross,
2016036,Mohamed Salem,,Home,Kabongo Kasongo,Unknown,
2016036,Mostafa Shebeita,,Away,,Unknown,1.0
2016036,Shemeles Bekele,,Away,Mohamed Ramadan,Pass,
2016037,Ahmed Raouf,,Home,Amr El Monoufy,Header,
2016037,Ahmed Gomaa,,Away,Ahmed Samir,Pass,
2016037,Osama Azab,,Away,Onosh,Penalty,1.0
2016038,Momen Zakaria,,Home,,Unknown,
2016038,Walid Soliman,,Home,,Unknown,
2016039,Samuel Afum,,Away,Ibrahim Abdel-Khalik,Pass,
2016039,Asem Salah,,Home,Elsayed Salem,Handball ,1.0
2016041,Mohamed Farouk,,Away,Ahmed Ali,Penalty,1.0
2016041,Gedo,,Away,Mohamed Farouk,Cross,
2016042,Emmanuel Banahene,,Away,Torric Jebrin,Unknown,
2016043,Salah Soliman,,Home,Joël Lamah,Free kick,
2016043,Amr Marei,,Home,Mario Martínez,Pass,
2016043,Mario Martínez,,Home,Joël Lamah,Pass,
2016043,Mahmoud Ghaly,,Away,Mohamed Khafaga,Cross,
2016044,Hussein El Shahat,,Home,,Unknown,
2016045,Samuel Afum,,Home,Hossam Arafat,Unknown,
2016046,Islam Abdelnaim,,Home,Ahmed Samir Farag,Cross,
2016046,Nico Dao,,Away,Mohamed Gamal Treka,Header,
2016046,Benjamin Acheampong,,Home,Islam Abdelnaim,Pass,
2016046,Sansan Dah,,Away,Mohamed Rizk,Cross,
2016046,Asem Salah,,Away,Mohamed Rizk,Pass,
2016048,Basem Eid,,Home,Mohab Said,Cross,
2016048,Mahmoud Fathallah,,Away,Walid Hassan,Penalty,1.0
2016049,Ahmed El Sheikh,,Away,Khaled Kamar,Unknown,
2016050,Mohamed Abdelhamid,,Away,Kenneth Ngwoke,Unknown,
2016050,Ahmed Ali,,Home,Ibrahim El Shayeb,Pass,
2016050,Mohamed Farouk,,Home,Ahmed Ali,Penalty,1.0
2016051,Emmanuel Banahene,,Home,Ahmed El Saidy,Header,
2016051,Ahmed Abdelzaher,,Away,Eric Traoré,Penalty,1.0
2016051,Paulin Voavy,,Away,Hussein El Shahat,Unknown,
2016052,Mohamed El Shami,,Away,,Unknown,
2016052,Ahmed Ayman Mansour,,Home,Ahmed Samir,Corner,
2016052,Ramy Sabry,,Away,Ahmed Fawzy,Handball ,1.0
2016052,Joël Lamah,,Away,Amr Marei,Cross,
2016055,Mohamed Ramadan,,Away,,Unknown,
2016056,Abdelaziz Emam,,Home,Patrick Addotey Addo,Header,
2016056,Ramadan Rabie,,Home,Abdelaziz Emam,Pass,
2016056,Hesham Abokhalil,,Away,,Unknown,
2016056,Benjamin Acheampong,,Away,,Unknown,
2016057,Mostafa Talaat,,Away,,Unknown,
2016057,Ibrahima Ndiaye,,Away,Mostafa Talaat,Free kick,
2016057,Mohamed Abdelhamid,,Home,Mahmoud Shika,Unknown,
2016058,Ahmed El Sheikh,,Home,Hussein El Shahat,Corner,
2016058,Ahmed El Sheikh,,Home,Eric Traoré,Unknown,
2016059,Walid Soliman,,Home,Abdallah El Said,Pass,
2016059,Khaled Kamar,,Away,Ashour El Adham,Unknown,
2016059,Kabongo Kasongo,,Away,Nour El Sayed,Pass,
2016059,Junior Ajayi,,Home,Walid Soliman,Pass,
2016060,Ahmed Kaboria,,Home,,Unknown,
2016060,Onosh,,Home,Ahmed Kaboria,Pass,
2016060,Ahmed Shokry,,Home,Farid Shawky,Cross,
2016060,Onosh,,Home,Ahmed Ayman Mansour,Header,
2016061,Sayed Farid,,Home,Islam Mohareb,Cross,
2016061,Ahmed Hassan Mekky,,Home,Ahmed Hassan Mekky,Penalty,1.0
2016061,Shokry Naguib,,Away,Baher El Mohamady,Cross,
2016062,Tarek Hamed,,Away,,Unknown,
2016062,Basem Morsy,,Away,Hosny Fathi,Cross,
2016062,Amr Marei,,Home,Mario Martínez,Pass,
2016063,Paulin Voavy,,Away,Nana Poku,Header,
2016063,Nana Poku,,Away,,Unknown,
2016063,Arafa El Sayed,,Home,,Unknown,
2016063,Hesham Mohamed,1.0,Home,Mostafa Talaat,Free kick,
2016063,Ahmed El Sheikh,,Away,Eric Traoré,Penalty,1.0
2016063,Nana Poku,,Away,Eric Traoré,Cross,
2016064,Mahmoud Ibrahim,,Home,Ahmed Samir Farag,Header,
2016065,Walid Hassan,,Away,,Unknown,
2016066,Mohamed Fadl,,Home,Mohamed Fadl,Penalty,1.0
2016066,Hossam Paulo,,Away,Ahmed Temsah,Penalty,1.0
2016067,Omar Bassam,,Home,Ahmed Shedid Kenawi,Corner,
2016067,Haytham El Fil,,Away,Ramadan Rabie,Cross,
2016067,Abdelaziz Emam,,Away,Ramadan Rabie,Unknown,
2016068,Ali Maâloul,,Away,Walid Soliman,Penalty,1.0
2016069,Mohamed Ramadan,,Home,Shemeles Bekele,Pass,
2016069,Mohamed Sherif,,Away,Ahmed Eid,Pass,
2016070,Amr El Halwani,,Away,Sherif Hazem,Handball ,1.0
2016070,Shokry Naguib,,Home,,Unknown,
2016070,Mahmoud Metwaly,,Home,Ali Fawzi,Handball ,1.0
2016071,Ahmed Gaafar,,Home,Mohamed Nasef,Cross,
2016072,Jérôme Ouiya,,Away,Hamada El Sayed,Unknown,
2016072,Hossam Hassan,,Home,Omar Bassam,Handball ,1.0
2016072,Omar Bassam,,Away,Jérôme Ouiya,Cross,
2016072,Yaya Traoré,,Home,Hossam Hassan,Free kick,
2016072,Kenneth Ngwoke,,Home,Mohamed Abdelhamid,Cross,
2016073,Ahmed El Sheikh,,Home,Ahmed Abdelzaher,Penalty,1.0
2016074,Shemeles Bekele,,Away,Victory Omodiagbe,Pass,
2016074,Patrick Addotey Addo,,Home,Haytham El Fil,Cross,
2016074,Shemeles Bekele,,Away,Osama Mohamed,Cross,
2016075,Mahmoud Alaa,,Away,Hossam Arafat,Free kick,
2016075,Banou Diawara,,Home,Ahmed Temsah,Cross,
2016076,Amr El Halwani,,Home,Mohamed Fadl,Handball ,1.0
2016076,Mohamed Farouk,,Away,Omar Gamal,Pass,
2016076,Mohamed Fadl,,Away,Mohamed Farouk,Unknown,
2016077,Kabongo Kasongo,,Away,,Unknown,
2016077,Ahmed Sabry,,Home,Ahmed Eid,Pass,
2016077,Ahmed Eid,,Home,Ahmed Sabry,Cross,
2016078,Shokry Naguib,,Away,Hosny Abd Rabo,Unknown,
2016078,Ahmed Gomaa,,Home,Ahmed Kaboria,Cross,
2016079,Shikabala,,Home,Ayman Hefny,Penalty,1.0
2016080,Junior Ajayi,,Away,Walid Soliman,Unknown,
2016080,Abdallah El Said,,Away,,Unknown,
2016081,Kabongo Kasongo,,Home,Khaled El Ghandour,Pass,
2016082,Victory Omodiagbe,,Home,Mohamed Ramadan,Cross,
2016083,Nana Poku,,Away,Paulin Voavy,Pass,
2016083,Mohamed Gabr,1.0,Away,,Unknown,
2016083,Nana Poku,,Away,Asem Said,Cross,
2016083,Mohamed El Baghdadi,,Home,Sayed Shabrawy,Cross,
2016084,Mostafa Galal,,Home,Amr El Halwani,Handball ,1.0
2016084,Boubacar Diarra,1.0,Away,Amr El Halwani,Free kick,
2016084,Amr Marei,,Away,Salah Ashour,Pass,
2016084,Arafa El Sayed,,Home,Elsayed Salem,Unknown,
2016084,Amr El Halwani,,Away,,Unknown,
2016084,Samuel Afum,,Home,Ibrahima Ndiaye,Cross,
2016084,Arafa El Sayed,,Home,Elsayed Salem,Cross,
2016085,Hossam Hassan,,Away,Ragab Bakar,Pass,
2016086,Said Mourad,,Away,,Unknown,
2016086,Mohamed Fadl,,Home,Omar Gamal,Header,
2016086,Ahmed Ayman Mansour,,Away,Ahmed Kaboria,Corner,
2016088,Mido Gamal,,Home,Reda El Azab,Cross,
2016089,Momen Zakaria,,Home,Ahmed Fathi,Cross,
2016089,Abdallah El Said,,Home,Saleh Gomaa,Unknown,
2016089,Junior Ajayi,,Home,,Unknown,
2016090,Hossam Hassan,,Home,Kenneth Ngwoke,Pass,
2016091,Mostafa Shebeita,,Away,,Unknown,
2016091,Nana Poku,,Home,Ahmed El Sheikh,Free kick,
2016091,Nana Poku,,Home,Emad Fathi,Cross,
2016092,Ahmed Hassan Mekky,,Home,Selim Abdel-Khalik,Handball ,1.0
2016093,Mohamed Hamdi,,Home,,Unknown,
2016094,Stanley Ohawuchi,,Home,Shikabala,Cross,
2016094,Ibrahim Salah,,Home,Hosny Fathi,Cross,
2016094,Shikabala,,Home,Basem Morsy,Pass,
2016096,Ahmed Magdy,,Away,,Unknown,
2016096,Oumed Oukri,,Away,Walid Hassan,Pass,
2016096,Salah Amin,,Away,Walid Hassan,Pass,
2016096,Ahmed Eid,,Home,,Unknown,1.0
2016097,Zizo,,Away,Saïdou Simporé,Pass,
2016098,Walid Soliman,,Away,Haytham El Fil,Handball ,1.0
2016098,Junior Ajayi,,Away,Walid Soliman,Cross,
2016098,Walid Soliman,,Away,Abdallah El Said,Pass,
2016099,Hamdy Fathy,,Home,,Unknown,
2016099,Mostafa Shebeita,,Home,,Unknown,
2016099,Mahmoud Sayed,,Away,Mohamed Dabash,Handball ,1.0
2016099,Ahmed Hassan Mekky,,Away,Hossam Hassan,Penalty,1.0
2016100,Nana Poku,,Away,Ahmed El Sheikh,Pass,
2016100,Kabongo Kasongo,,Home,El-Hani Soliman,Unknown,
2016101,Mahmoud Alaa,,Home,Mohamed Helal,Free kick,
2016101,Ali Gabr,,Away,Ahmed Refaat,Cross,
2016102,Ahmed Shokry,,Away,Ahmed Gomaa,Pass,
2016102,Osama Azab,1.0,Home,,Unknown,
2016102,Ahmed Kaboria,,Away,Ahmed Shokry,Pass,
2016102,Islam Abdelnaim,,Home,Islam Abdelnaim,Penalty,1.0
2016102,Ahmed Sherwyda,,Away,Ahmed Kaboria,Unknown,
2016102,Ahmed Kaboria,,Away,Ahmed Gomaa,Pass,
2016103,Emmanuel Karbogi,,Away,,Unknown,
2016103,Moaz El Henawy,,Home,Ahmed Afifi,Penalty,1.0
2016104,Walid Soliman,,Home,Abdallah El Said,Header,
2016104,Ahmed Fathi,,Home,Abdallah El Said,Pass,
2016104,Momen Zakaria,,Home,Emad Meteb,Pass,
2016105,Joseph Ato Bissah,,Home,Mahmoud Ghaly,Unknown,
2016105,Mohamed Rizk,,Away,,Unknown,
2016105,Nico Dao,,Away,Mohamed Rizk,Free kick,
2016106,Walid Hassan,,Home,Oumed Oukri,Pass,
2016106,Haytham El Fil,,Away,Islam Serry,Cross,
2016106,Mahmoud Fathallah,,Home,,Unknown,
2016107,Bousha,,Away,Baher El Mohamady,Cross,
2016107,Mohamed Fadl,,Home,Mohamed Farouk,Unknown,
2016107,Mahmoud Metwaly,,Away,Omar El Wahsh,Cross,
2016107,Ahmed Ali,,Home,Ibrahim El Shayeb,Pass,
2016109,Shikabala,,Home,Stanley Ohawuchi,Pass,
2016109,Ahmed Refaat,,Home,Shikabala,Cross,
2016109,Basem Morsy,,Home,Basem Morsy,Penalty,1.0
2016110,Ahmed Magdy,,Away,,Unknown,1.0
2016110,Walid Hassan,,Away,Salah Amin,Pass,
2016110,Salah Amin,,Away,Walid Hassan,Cross,
2016111,Salah Ashour,,Home,Mohamed Bassiouny,Pass,
2016111,Wael Faraag,,Away,Mohamed Ramadan,Free kick,
2016112,Ahmed Ayman Mansour,,Home,Farid Shawky,Cross,
2016112,Ahmed Gomaa,,Home,Mohamed Hamdi,Cross,
2016112,Jérôme Ouiya,,Away,Islam El Far,Cross,
2016112,Hermann Kouao,,Home,Ahmed Safi,Cross,
2016113,Abdallah El Said,,Away,,Unknown,1.0
2016114,Mohamed Fadl,,Home,Mohamed Farouk,Unknown,
2016115,Mohamed Helal,,Away,,Unknown,
2016115,Hosny Abd Rabo,,Home,,Unknown,
2016116,Motamed Mohsen,,Away,Asem Salah,Free kick,
2016116,Mohamed Ashraf,,Away,,Unknown,
2016119,Saad Samir,,Home,,Unknown,
2016120,Kenneth Ngwoke,,Away,Moatasem Salem,Header,
2016120,Nico Dao,,Home,,Unknown,
2016120,Hossam Hassan,,Away,Mohamed Abdelhamid,Penalty,1.0
2016120,Ahmed Eid,,Home,Mohamed Ashraf,Penalty,1.0
2016121,James Owoboskini,,Home,Nasser Maher,Cross,
2016121,Ahmed Kaboria,,Away,Ahmed Gomaa,Cross,
2016121,Ahmed Gomaa,,Away,Mohamed Hamdi,Cross,
2016122,Nana Poku,,Away,Ahmed Abdelzaher,Cross,
2016122,Oumed Oukri,,Home,Saleh Mousa,Unknown,
2016122,Nana Poku,,Away,Ahmed Samy,Cross,
2016123,Patrick Addotey Addo,,Away,,Unknown,
2016123,Mahmoud Shaker,,Home,Mohamed Morsi,Penalty,1.0
2016124,Baher El Mohamady,,Away,Bahaa Magdy,Free kick,
2016124,Benjamin Acheampong,,Home,Ahmed AbdelRaouf,Header,
2016124,Minusu Buba,,Home,Saïdou Simporé,Cross,
2016124,Bousha,,Away,Bousha,Penalty,1.0
2016125,Ahmed El Shimi,,Away,Omar Gamal,Pass,
2016125,Mohamed Samir,1.0,Home,Karim Mamdouh,Unknown,
2016125,Gedo,,Away,Gebna,Penalty,1.0
2016127,Ahmed Abdelzaher,,Home,Paulin Voavy,Unknown,
2016128,Oumed Oukri,,Away,Mohamed Abou-Sheashaa,Pass,
2016128,Banou Diawara,,Home,Ahmed Hassan Mekky,Cross,
2016129,Ahmed Gomaa,,Home,Ahmed Safi,Cross,
2016130,Kareem Tarek,1.0,Home,Shikabala,Corner,
2016131,Hamada Galal,,Away,,Unknown,
2016131,Ali Afifi,,Home,Moatasem Salem,Unknown,
2016131,Haytham El Fil,,Away,Moatasem Salem,Handball ,1.0
2016131,Mahmoud Shika,,Home,,Unknown,
2016131,Hamada Galal,,Away,Abdelaziz Emam,Pass,
2016132,Gebna,,Home,,Unknown,
2016132,Islam Fouad,,Home,,Unknown,
2016132,Islam Abdelnaim,,Away,Benjamin Acheampong,Unknown,
2016132,Mostafa Mohamed,,Away,,Unknown,
2016133,Baher El Mohamady,,Home,Bahaa Magdy,Corner,
2016133,Bousha,,Home,Ibrahim Hassan,Cross,
2016133,Ibrahim Hassan,,Home,Shokry Naguib,Cross,
2016133,Ibrahim Hassan,,Home,Shokry Naguib,Pass,
2016133,Torric Jebrin,,Home,Amoory,Cross,
2016134,Ahmed Abdelkader,,Away,Mohamed Gaber,Cross,
2016134,Joseph Ato Bissah,,Away,Mohamed Gouda,Pass,
2016135,Asem Salah,,Home,,Unknown,
2016136,Mohamed Bassiouny,,Away,Amr Marei,Unknown,
2016136,Mahmoud Fathallah,,Home,Walid Hassan,Penalty,1.0
2016137,Ibrahim Salah,,Away,Shikabala,Unknown,
2016137,Basem Morsy,,Away,Ayman Hefny,Penalty,1.0
2016139,Mohamed Morsi,,Away,,Unknown,
2016140,Shokry Naguib,,Away,Hosny Abd Rabo,Header,
2016140,James Owoboskini,,Home,Wael Faraag,Header,
2016141,Marwan Mohsen,,Home,Abdallah El Said,Pass,
2016141,Saad Samir,,Home,,Unknown,
2016141,Ahmed Safi,,Away,Hermann Kouao,Cross,
2016141,Abdallah El Said,,Home,Osama Azab,Handball ,1.0
2016142,Eric Traoré,,Away,Ahmed Daouda,Cross,
2016142,Paulin Voavy,,Away,Eric Traoré,Pass,
2016142,Ahmed El Sheikh,,Away,Eric Traoré,Pass,
2016142,Eric Traoré,,Away,Paulin Voavy,Pass,
2016143,Mohamed Gabr,,Home,Basem Eid,Header,
2016144,Islam Mohareb,,Home,Ahmed Homos,Unknown,
2016144,Mahmoud Sayed,,Home,,Unknown,
2016144,Ahmed Madbouli,,Away,Ahmed Madbouli,Penalty,1.0
2016145,Amr Marei,,Home,Amro Tarek,Cross,
2016145,Amr Marei,,Home,Mario Martínez,Cross,
2016146,Minusu Buba,,Away,Mahmoud Samy,Header,
2016147,Samuel Afum,,Home,Mohamed Sherif,Cross,
2016147,Ibrahima Ndiaye,,Home,,Unknown,
2016148,Ramy Adel,,Home,Ahmed Ali,Penalty,1.0
2016149,Momen Zakaria,,Away,Hussein El Sayed,Cross,
2016149,Junior Ajayi,,Away,Ahmed Fathi,Cross,
2016150,Ahmed Abdelzaher,,Home,Ahmed El Sheikh,Unknown,
2016150,Eric Traoré,,Home,Mahmoud Wahid,Cross,
2016150,Hossam Hassan,,Away,Mody,Handball ,1.0
2016151,Farid Shawky,,Home,Ahmed Shokry,Pass,
2016151,Mahmoud Fathallah,,Away,Walid Hassan,Penalty,1.0
2016151,Ahmed Gomaa,,Home,Said Mourad,Corner,
2016152,Bousha,,Home,Hosny Abd Rabo,Pass,
2016152,Hassan Tarek,,Away,Kabongo Kasongo,Unknown,
2016155,Islam El Far,,Away,Jérôme Ouiya,Cross,
2016155,Mostafa Mohamed,,Home,,Unknown,
2016156,Kabongo Kasongo,,Away,Mostafa Kalosha,Cross,
2016157,Ahmed Raouf,,Home,,Unknown,
2016157,Islam Mohareb,,Home,Ahmed Hassan Mekky,Unknown,
2016158,Salah Ashour,,Home,Amr Marei,Unknown,
2016158,Abdallah El Shahat,,Away,Emeka Christian Eze,Pass,
2016160,Oumed Oukri,,Away,,Unknown,
2016160,Tarek Taha,,Away,,Unknown,
2016160,Hossam Paulo,,Home,Ahmed Fatouh,Unknown,
2016161,Mohamed El Shami,,Home,Farid Shawky,Cross,
2016161,Wilson Akakpo,1.0,Away,Sansan Dah,Unknown,
2016161,Mohamed Ashraf Roqa,,Away,,Unknown,
2016162,Dennis Tetteh,,Away,,Unknown,
2016162,Jérôme Ouiya,,Home,Ahmed Shedid Kenawi,Unknown,
2016163,Wael Faraag,,Home,Amr Hassan,Free kick,
2016164,Mohamed Hamdi,,Away,Mario Martínez,Pass,
2016165,Arafa El Sayed,,Away,,Unknown,
2016166,Hosny Abd Rabo,,Away,,Unknown,
2016166,Oumed Oukri,,Home,Mohamed Abou-Sheashaa,Unknown,
2016167,Ahmed Raouf,,Away,Islam Mohareb,Pass,
2016167,Paulin Voavy,,Home,John Antwi,Header,
2016167,Ahmed El Sheikh,,Home,Hesham Mohamed,Penalty,1.0
2016167,Ahmed Raouf,,Away,Islam Serry,Cross,
2016167,Ahmed Hassan Mekky,,Away,Mahmoud Sayed,Pass,
2016167,Ahmed El Sheikh,,Home,Hussein El Shahat,Pass,
2016167,Mahmoud Sayed,,Away,Amr El Monoufy,Unknown,
2016168,Emad Meteb,,Home,Junior Ajayi,Cross,
2016168,Momen Zakaria,,Home,Junior Ajayi,Unknown,
2016169,Asem Salah,,Home,Ahmed Eid,Penalty,1.0
2016169,Ayman Hefny,,Away,Mostafa Fathi,Corner,
2016169,Ayman Hefny,,Away,,Unknown,
2016169,Stanley Ohawuchi,,Away,Maarouf Yussuf,Cross,
2016169,Mohamed Ashraf Roqa,,Home,,Unknown,
2016170,Ahmed Shokry,,Away,Mohamed El Shami,Header,
2016170,Ahmed Gomaa,,Away,,Unknown,
2016170,Mohamed El Shami,,Away,Ahmed Shokry,Pass,
2016170,Ahmed Gomaa,,Away,Abdallah Gomaa,Pass,
2016170,Hamada Galal,,Home,Ahmed Madbouli,Pass,
2016171,Mahmoud Ghaly,,Home,Mahmoud Shaker,Free kick,
2016171,Mahmoud Shaker,,Home,Omar Bassam,Penalty,1.0
2016172,Mohamed Ramadan,,Away,,Unknown,
2016172,Hamdy Fathy,1.0,Home,Hossam Galal,Unknown,
2016173,Amr Gamal,,Away,Ali Maâloul,Cross,
2016174,Ahmed Shokry,,Home,Yaya Traoré,Handball ,1.0
2016175,Mostafa Fathi,,Home,,Unknown,
2016175,Hossam Paulo,,Home,Mohamed Ibrahim,Pass,
2016176,Kabongo Kasongo,,Away,Kabongo Kasongo,Penalty,1.0
2016176,Khaled Kamar,,Away,,Unknown,
2016176,Ahmed Samir Farag,,Home,,Unknown,1.0
2016177,Islam Gamal,,Away,Hassan Youssef,Unknown,
2016177,Mahmoud Metwaly,,Home,Islam Abdelnaim,Penalty,1.0
2016178,Omar Gamal,,Home,,Unknown,
2016179,Paulin Voavy,,Away,Hany Said,Pass,
2016179,Joël Lamah,,Home,Salah Mohsen,Unknown,
2016179,Eric Traoré,,Away,,Unknown,
2016179,Ramy Sabry,,Home,Salah Soliman,Header,
2016179,Salah Mohsen,,Home,Mario Martínez,Pass,
2016179,John Antwi,,Away,Eric Traoré,Header,
2016180,Ramy Sabry,,Away,Joël Lamah,Cross,
2016180,Amr Marei,,Away,Salah Ashour,Pass,
2016180,Mahmoud Abdelaziz,,Home,Ahmed Raouf,Header,
2016180,Amr Marei,1.0,Home,Islam Mohareb,Corner,
2016181,Mostafa Shebeita,,Home,Victory Omodiagbe,Pass,
2016181,Victory Omodiagbe,,Home,Mohamed Ramadan,Pass,
2016182,Khaled Kamar,,Home,Hesham Shehata,Cross,
2016182,Khaled El Ghandour,,Home,Khaled Kamar,Pass,
2016182,Hamada El Sayed,,Away,Hossam Abdel-Aal,Free kick,
2016182,Sayed Shabrawy,,Away,Razack Cissé,Cross,
2016182,Mohamed Adel,,Home,Kabongo Kasongo,Cross,
2016182,John Utaka,,Away,Ahmed Shedid Kenawi,Free kick,
2016183,Ahmed Ali,,Away,Omar Gamal,Cross,
2016183,Asem Salah,,Home,Karim El Deeb,Handball ,1.0
2016184,Hamada Galal,,Home,Ramadan Rabie,Cross,
2016184,Diego Calderón,,Away,Hosny Abd Rabo,Unknown,
2016184,Hosny Abd Rabo,,Away,Diego Calderón,Pass,
2016184,Diego Calderón,,Away,Ibrahim Hassan,Pass,
2016184,Karim Bambo,,Away,Ibrahim Hassan,Pass,
2016184,Karim Bambo,,Away,Bahaa Magdy,Cross,
2016185,Arafa El Sayed,,Away,Ibrahima Ndiaye,Cross,
2016185,Mahmoud Alaa,,Away,Arafa El Sayed,Penalty,1.0
2016185,Mahmoud Alaa,,Away,Mohamed Helal,Free kick,
2016185,Ibrahima Ndiaye,,Away,Youssef Obama,Pass,
2016185,Omar El Said,,Home,Mahmoud Fathallah,Free kick,
2016185,Youssef Obama,,Away,Samuel Afum,Pass,
2016186,Eric Traoré,,Home,Ahmed Daouda,Cross,
2016186,Ragab Nabil,1.0,Away,Abdallah Gomaa,Unknown,
2016186,Eric Traoré,,Home,Ahmed El Sheikh,Cross,
2016186,Hermann Kouao,,Away,Ahmed Gomaa,Unknown,
2016186,Ahmed Daouda,,Home,John Antwi,Pass,
2016186,John Antwi,,Home,Hesham Mohamed,Cross,
2016187,Saad Samir,,Home,,Unknown,
2016187,Walid Soliman,,Home,,Unknown,
2016187,Souleymane Coulibaly,,Home,Abdallah El Said,Unknown,
2016187,Souleymane Coulibaly,,Home,Sabri Rahil,Unknown,
2016188,Mohamed Abdelhamid,,Home,,Unknown,
2016189,Mario Martínez,,Away,Mohamed El Ashri,Handball ,1.0
2016189,Dennis Tetteh,,Home,Mohamed Gouda,Unknown,
2016190,Hosny Abd Rabo,,Home,Ibrahim Hassan,Cross,
2016190,Ibrahim Hassan,,Home,,Unknown,
2016190,Hosny Abd Rabo,,Home,Karim Bambo,Unknown,
2016191,Asem Salah,,Away,Mohamed Ashraf,Penalty,1.0
2016192,Mohamed Bazoka,,Away,Mostafa Kalosha,Unknown,
2016193,Zizo,,Home,Mahmoud Mansour,Cross,
2016193,Benjamin Acheampong,,Home,Abdelrahman El Sewisi,Pass,
2016193,Mostafa Mohamed,,Home,Ahmed Samir Farag,Cross,
2016194,Omar Gamal,,Home,Ahmed Ali,Unknown,
2016194,Ahmed Ali,,Home,Omar Gamal,Unknown,
2016194,Abdelaziz Emam,,Away,Islam Siam,Unknown,
2016196,Mido Gaber,,Away,Ali Maâloul,Cross,
2016196,Souleymane Coulibaly,,Away,Ahmed Fathi,Cross,
2016197,Sayed Farid,,Away,Mahmoud Ezzat,Header,
2016197,Abdallah Bika,,Home,Abdallah Bika,Penalty,1.0
2016198,Yaya Traoré,,Home,Hossam Hassan,Free kick,
2016199,Mahmoud Fathallah,,Home,Oumed Oukri,Penalty,1.0
2016199,Moaz El Henawy,,Away,Ahmed Shedid Kenawi,Free kick,
2016200,Mohamed Sherif,,Away,Mohamed Helal,Pass,
2016200,Ramadan Rabie,,Home,,Unknown,
2016200,Abdallah El Shahat,,Home,Abdelaziz Emam,Penalty,1.0
2016201,Ahmed Hassan Mekky,,Home,Ahmed Temsah,Pass,
2016201,Ahmed Manga,,Home,,Unknown,
2016202,Mohamed Bazoka,,Home,Mostafa Kalosha,Free kick,
2016203,Ahmed El Sheikh,,Home,Hussein El Shahat,Pass,
2016203,Diego Calderón,,Away,Ibrahim Hassan,Cross,
2016203,Eric Traoré,,Home,Paulin Voavy,Unknown,
2016203,Ahmed El Sheikh,,Home,Paulin Voavy,Unknown,
2016203,Emad Hamdi,,Away,Ibrahim Hassan,Cross,
2016204,Ahmed Shokry,,Away,Ahmed Gomaa,Unknown,
2016204,Ahmed Gomaa,,Away,,Unknown,
2016205,Minusu Buba,,Away,Benjamin Acheampong,Header,
2016205,Hassan Youssef,,Home,Amoory,Pass,
2016206,Souleymane Coulibaly,,Home,Hossam Ashour,Pass,
2016206,Walid Soliman,,Home,Ahmed Fathi,Pass,
2016207,Hamada Galal,,Away,Abdelaziz Emam,Pass,
2016208,Omar Marmoush,,Home,,Unknown,
2016208,Mohamed Helal,,Home,,Unknown,
2016209,Ahmed El Sheikh,,Away,Hussein El Shahat,Penalty,1.0
2016209,Hussein El Shahat,,Away,Ibrahim Abdel-Khalik,Handball ,1.0
2016210,Mostafa El Badry,,Home,John Utaka,Unknown,
2016211,Mahmoud Kaoud,,Away,,Unknown,
2016211,Mohamed Hamdi,,Away,Abdallah Gomaa Awad,Cross,
2016212,Hamdy Fathy,,Home,,Unknown,
2016212,Oumed Oukri,,Away,Shehab Ahmed,Pass,
2016213,Amr El Solia,,Away,Ahmed Hamoudi,Unknown,
2016214,Mahmoud Ghaly,,Home,,Unknown,
2016214,Hussein Helmi,,Home,,Unknown,
2016214,Hermann Kouao,,Away,,Unknown,
2016215,Ibrahim Hassan,,Home,,Unknown,
2016215,Diego Calderón,,Home,,Unknown,
2016215,Patrick Malo,,Away,Islam Mohareb,Corner,
2016215,Mahmoud Abdelaziz,,Away,Banou Diawara,Unknown,
2016216,Kenneth Ngwoke,,Home,,Unknown,
2016216,Hossam Hassan,,Home,,Unknown,
2016217,Razack Cissé,,Away,Jérôme Ouiya,Pass,
2016218,Ibrahima Ndiaye,,Away,Hossam Arafat,Cross,
2016219,Ahmed Raouf,,Home,Ahmed Temsah,Pass,
2016219,Gedo,,Away,Omar Gamal,Pass,
2016219,Ahmed Manga,,Home,Ahmed Hassan Mekky,Unknown,
2016219,Ahmed Hassan Mekky,,Home,,Unknown,
2016219,Ramy Adel,,Away,Ahmed Ali,Penalty,1.0
2016219,Ahmed Ali,,Away,Ramzy Khaled,Cross,
2016220,Shemeles Bekele,,Away,Mohamed Ramadan,Free kick,
2016222,Gedo,,Away,Khaled Kamar,Pass,
2016222,Mahmoud Fathallah,,Home,,Unknown,
2016222,Mohamed Bazoka,,Away,Mostafa Kalosha,Free kick,
2016222,Oumed Oukri,,Home,Mahmoud Fathallah,Header,
2016223,Shikabala,,Away,,Unknown,
2016224,Souleymane Coulibaly,,Home,Hossam Ashour,Unknown,
2016225,John Antwi,,Away,Paulin Voavy,Cross,
2016225,Benjamin Acheampong,,Home,,Unknown,
2016225,Hussein El Shahat,,Away,,Unknown,
2016226,Gedo,,Home,Khaled Kamar,Unknown,
2016226,Mahmoud El Badry,,Away,Motamed Mohsen,Header,
2016226,Amoory,,Away,Mohamed Ashraf,Header,
2016226,Ahmed Elalfi,,Home,Gedo,Pass,
2016226,Ahmed Elalfi,,Home,Khaled El Ghandour,Pass,
2016227,Islam Abou-Salima,,Away,Hossam Hassan,Corner,
2016227,John Utaka,,Home,Ahmed Shedid Kenawi,Corner,
2016228,Abdelaziz Emam,,Away,Hesham Abdelhamid,Pass,
2016229,Hossam Hassan,,Away,Amr El Monoufy,Header,
2016229,Hossam Arafat,,Home,Ibrahima Ndiaye,Cross,
2016229,Hossam Hassan,,Away,Islam Serry,Pass,
2016229,Mohamed Anwar,,Home,,Unknown,
2016232,Mahmoud Metwaly,,Home,Ahmed Fawzy,Handball ,1.0
2016232,Mahmoud Metwaly,1.0,Away,,Unknown,
2016232,Mohamed Hashem,,Home,Bousha,Corner,
2016233,Oumed Oukri,,Away,Mohamed Abou-Sheashaa,Corner,
2016233,Junior Ajayi,,Home,Abdallah El Said,Cross,
2016234,John Antwi,,Home,Mohamed Tarek,Cross,
2016234,Ahmed Abdelzaher,,Home,Paulin Voavy,Cross,
2016236,Haytham El Fil,,Home,Hesham Shehata,Handball ,1.0
2016236,Abdou Kader Fall,,Home,Emeka Christian Eze,Pass,
2016237,Benjamin Acheampong,,Away,Saïdou Simporé,Cross,
2016237,Hossam Hassan,,Home,Islam Mohareb,Free kick,
2016237,Benjamin Acheampong,,Away,,Unknown,
2016237,Banou Diawara,,Home,Patrick Malo,Unknown,
2016239,Gedo,,Away,Karim El Deeb,Free kick,
2016239,Mohamed El Shami,,Home,,Unknown,
2016240,Shehab Ahmed,,Home,Oumed Oukri,Pass,
2016240,Salah Amin,,Home,,Unknown,
2016240,Salah Amin,,Home,Tarek Taha,Corner,
2016241,Abdallah El Said,,Away,Walid Soliman,Penalty,1.0
2016241,Motamed Mohsen,,Home,Amoory,Cross,
2016241,Mido Gaber,,Away,Momen Zakaria,Pass,
2016242,Youssef Obama,,Away,Ibrahima Ndiaye,Cross,
2016242,Salah Ashour,,Home,Amr El Halwani,Free kick,
2016243,Ahmed Samy,1.0,Home,Mohamed Ramadan,Unknown,
2016244,Mahmoud Metwaly,,Away,Bousha,Penalty,1.0
2016245,Hossam Galal,,Home,Ahmed Shedid Kenawi,Free kick,
2016245,Mohamed Rizk,,Home,,Unknown,
2016246,Ahmed Refaat,,Away,Stanley Ohawuchi,Penalty,1.0
2016246,Mohamed Farouk,,Home,Karim Mostafa,Pass,
2016246,Stanley Ohawuchi,,Away,Osama Ibrahim,Cross,
2016247,Kabongo Kasongo,,Home,Abdelrahman Farouk,Cross,
2016248,Body,,Home,Ahmed Samir Farag,Corner,
2016249,Abdallah El Said,,Home,Ahmed Fathi,Cross,
2016249,Abdallah El Said,,Home,Mido Gaber,Pass,
2016249,Souleymane Coulibaly,,Home,Mido Gaber,Cross,
2016249,Abdallah El Said,,Home,Ahmed Fathi,Cross,
2016250,Islam Salah,,Away,Osama Azab,Corner,
2016251,Sherif Ashraf,1.0,Away,Mohamed Rizk,Unknown,
2016252,Saad Samir,,Away,Abdallah El Said,Corner,
2016252,Fady Farid,,Home,Afroto,Free kick,
2016253,Abdallah Gomaa,,Home,Hermann Kouao,Penalty,1.0
2016253,Benjamin Acheampong,,Away,Mohamed Adel,Cross,
2016253,Mohamed El Shami,,Home,Ahmed Kaboria,Cross,
2016254,Islam Mohareb,,Home,,Unknown,
2016255,Stanley Ohawuchi,,Home,Maarouf Yussuf,Pass,
2016255,Arafa El Sayed,,Away,Mohamed Helal,Corner,
2016255,Mohamed Ibrahim,,Home,Hossam Paulo,Unknown,
2016256,Karim Bambo,,Home,Ibrahim Hassan,Cross,
2016256,Karim Mostafa,,Away,Ahmed Ali,Cross,
2016257,Oumed Oukri,,Away,Mohamed Sosta,Cross,
2016257,Salah Amin,,Away,Hassan El Shami,Unknown,
2016257,Oumed Oukri,,Away,Walid Hassan,Pass,
2016258,Kabongo Kasongo,,Away,Nour El Sayed,Unknown,
2016258,Kabongo Kasongo,,Away,Nour El Sayed,Unknown,
2016258,Mohamed Atwa,,Away,Hazem Emam,Unknown,
2016258,John Antwi,,Home,Ahmed El Sheikh,Unknown,
2016259,Amr Marei,,Home,Ahmed Abdelaziz,Unknown,
2016259,Mohamed Bassiouny,,Home,,Unknown,
2016259,Mario Martínez,,Home,,Unknown,
2016260,Mohamed Rizk,,Home,Mohamed Ashraf,Unknown,
2016260,Joseph Ato Bissah,,Away,Reda El Azab,Unknown,
2016261,Ahmed Ali,,Away,Mohamed Farouk,Cross,
2016261,Ahmed Ali,,Away,Islam Fouad,Unknown,
2016261,Mohamed Farouk,,Away,Karim Mostafa,Pass,
2016261,Dennis Tetteh,,Home,Mohamed Gaber,Pass,
2016262,Ramadan Rabie,,Away,,Unknown,
2016262,Motamed Mohsen,,Home,Khaled Sotohi,Header,
2016262,Emeka Christian Eze,,Away,,Unknown,
2016262,Asem Salah,,Home,Islam Gamal,Cross,
2016266,Moaz El Henawy,,Home,Ahmed Ayman Mansour,Handball ,1.0
2016266,Islam Salah,,Away,Ahmed Gomaa,Header,
2016266,Mohamed El Shami,,Away,,Unknown,
2016267,Stanley Ohawuchi,,Away,Mohamed Ibrahim,Pass,
2016267,Benjamin Acheampong,,Home,Abdelrahman El Sewisi,Pass,
2016267,Ahmed Samir Farag,,Home,Mohamed Adel,Pass,
2016267,Ali Gabr,,Away,Shikabala,Corner,
2016267,Mahmoud Mansour,,Home,Osama Ibrahim,Handball ,1.0
2016267,Salah Rico,,Away,Shikabala,Corner,
2016267,Ahmed Refaat,,Away,Shikabala,Cross,
2016268,Islam Mohareb,,Away,Ahmed Raouf,Pass,
2016269,Junior Ajayi,,Home,,Unknown,
2016269,Walid Soliman,,Home,Junior Ajayi,Unknown,
2016269,Ahmed El Sheikh,,Away,Saad Samir,Handball ,1.0
2016269,John Antwi,,Away,Paulin Voavy,Pass,
2016270,Karim Bambo,,Home,Ibrahim Hassan,Pass,
2016270,Wagih Abdelhakim,,Home,Diego Calderón,Unknown,
2016270,Diego Calderón,,Home,,Unknown,
2016271,Shikabala,,Home,Mahmoud El Wensh,Cross,
2016273,Joseph Ato Bissah,,Away,Hossam Ghaly,Pass,
2016274,Saleh Gomaa,,Away,Sabri Rahil,Cross,
2016274,Islam Mohareb,,Home,Ahmed Raouf,Pass,
2016274,Momen Zakaria,,Away,Sabri Rahil,Pass,
2016274,Saleh Gomaa,,Away,Walid Soliman,Pass,
2016274,Sayed Farid,,Home,Hossam Hassan,Penalty,1.0
2016274,Rami Rabia,,Away,Walid Soliman,Corner,
2016275,Oumed Oukri,,Away,,Unknown,
2016275,Paulin Voavy,,Home,Ahmed El Sheikh,Cross,
2016275,John Antwi,,Home,Asem Said,Cross,
2016276,Ahmed Gomaa,,Home,Ahmed Kaboria,Cross,
2016277,Mohamed Farouk,,Home,,Unknown,
2016278,Amr Marei,,Home,Afsha,Free kick,
2016278,Salah Soliman,,Home,Ramy Sabry,Cross,
2016278,Mohamed Atwa,1.0,Home,,Unknown,
2016279,Diego Calderón,,Away,Ibrahim Hassan,Cross,
2016279,Ibrahim Hassan,,Away,Karim Bambo,Pass,
2016279,Mohamed Khalifa,,Home,Ahmed Shedid Kenawi,Free kick,
2016279,Hosny Abd Rabo,,Away,Emad Hamdi,Penalty,1.0
2016279,Jérôme Ouiya,,Home,,Unknown,
2016280,Ahmed Eid,,Home,Mohamed Ashraf Roqa,Pass,
2016280,Ahmed El Sheikh,,Away,Hussein El Shahat,Cross,
2016282,Ali Afifi,,Away,Yaya Traoré,Pass,
2016282,Haytham El Fil,,Home,Islam Youssef,Penalty,1.0
2016282,Abdallah El Shahat,,Home,Abdallah El Shahat,Penalty,1.0
2016284,Mohamed Salem,,Home,Mohamed Osama,Cross,
2016284,Abdallah Bika,,Away,,Unknown,1.0
2016285,Fady Nagah,1.0,Away,Ahmed Raouf,Unknown,
2016286,Ahmed Hamoudi,,Home,Saleh Gomaa,Cross,
2016286,Amr Marei,,Away,Ali Fawzi,Cross,
2016286,Salah Mohsen,,Away,Amr Marei,Unknown,
2016286,Saleh Gomaa,,Home,Ahmed Hamoudi,Cross,
2016287,Maarouf Yussuf,,Away,Shikabala,Pass,
2016287,Stanley Ohawuchi,,Away,Ahmed Tawfik,Pass,
2016288,Abdelrahman El Sewisi,,Away,Saïdou Simporé,Pass,
2016288,Omar Marmoush,,Home,Mohamed Anwar,Cross,
2016288,Saïdou Simporé,,Away,Ahmed Samir Farag,Cross,
2016289,Ehab El Masry,,Away,,Unknown,
2016289,Gedo,,Home,Ahmed Ali,Unknown,
2016290,John Antwi,,Home,Ahmed El Sheikh,Cross,
2016290,Ahmed El Sheikh,,Home,Emad Fathi,Penalty,1.0
2016290,Abdallah El Shahat,,Away,,Unknown,
2016290,John Antwi,,Home,Paulin Voavy,Pass,
2016290,John Antwi,,Home,,Unknown,1.0
2016291,Mohamed El Ashri,,Home,Mahmoud Ghaly,Free kick,
2016291,Kenneth Ngwoke,,Away,Samir Fawzi,Pass,
2016291,Mohamed Morsi,,Home,,Unknown,
2016291,Hossam Hassan,,Away,Fady Farid,Penalty,1.0
2016293,Karim Bambo,,Home,Ibrahim Hassan,Pass,
2016293,Karim Bambo,,Home,Wagih Abdelhakim,Cross,
2016294,Ahmed Eid,,Away,,Unknown,1.0
2016294,Asem Salah,,Away,,Unknown,
2016294,Ahmed Raouf,,Home,,Unknown,
2016295,Mohamed El Shami,,Home,Elsayed Abdelaal,Pass,
2016295,Saleh Gomaa,,Away,,Unknown,
2016296,Mostafa Fathi,,Home,Ayman Hefny,Pass,
2016296,Basem Morsy,,Home,Marwan El Nagar,Handball ,1.0
2016296,Mohamed Abdelmaguid,,Away,Khaled Kamar,Unknown,
2016297,Ahmed Fawzi,,Away,Ahmed Mohsen,Cross,
2016297,Mahmoud Hamada,,Away,Ahmed Samy,Pass,
2016297,Hossam Hassan,,Home,Mohamed Abdelhamid,Penalty,1.0
2016298,Jérôme Ouiya,,Home,Razack Cissé,Pass,
2016298,Selim Abdel-Khalik,,Home,,Unknown,
2016299,Saïdou Simporé,,Home,Ahmed Samir Farag,Pass,
2016301,Mohamed Ashraf,,Home,,Unknown,
2016301,Salah Mohsen,,Away,Ahmed Hussein,Cross,
2016301,Afsha,,Away,Salah Mohsen,Penalty,1.0
2016302,Mahmoud Metwaly,,Away,,Unknown,1.0
2016303,Ahmed Sherwyda,,Away,,Unknown,
2016304,Hossam Hassan,,Away,Ahmed Lala,Pass,
2016305,Walid Soliman,,Home,Junior Ajayi,Header,
2016305,Junior Ajayi,,Home,Abdallah El Said,Pass,
